[
  {
    "id": "acecc72c-44ce-4222-9abe-91c6c716f5c0",
    "data": [
      {
        "text": "Health",
        "userDefined": false
      },
      {
        "text": " Suraksha Plus",
        "userDefined": false
      }
    ],
    "isTemplate": false,
    "count": 0,
    "lang": "en",
    "updated": 0
  },
  {
    "id": "648c9eaf-6792-4030-a75c-1b8e09b2b7c3",
    "data": [
      {
        "text": "Optimum Benefit",
        "userDefined": false
      }
    ],
    "isTemplate": false,
    "count": 0,
    "lang": "en",
    "updated": 0
  }
]