[
  {
    "id": "ba9e1983-4e98-4244-a6c6-4091acf552f5",
    "data": [
      {
        "text": "40",
        "meta": "@for_age",
        "alias": "for_age",
        "userDefined": true
      }
    ],
    "isTemplate": false,
    "count": 0,
    "lang": "en",
    "updated": 0
  },
  {
    "id": "5951b30e-8455-44cc-a986-9b2034acc995",
    "data": [
      {
        "text": "I m ",
        "userDefined": false
      },
      {
        "text": "20",
        "meta": "@for_age",
        "alias": "for_age",
        "userDefined": true
      },
      {
        "text": " years old.",
        "userDefined": false
      }
    ],
    "isTemplate": false,
    "count": 0,
    "lang": "en",
    "updated": 0
  },
  {
    "id": "c607c31f-2d4c-4412-9291-0be8abb57f0c",
    "data": [
      {
        "text": "55",
        "meta": "@for_age",
        "alias": "for_age",
        "userDefined": true
      }
    ],
    "isTemplate": false,
    "count": 0,
    "lang": "en",
    "updated": 0
  },
  {
    "id": "d6ff9cd9-d458-4339-8ec6-f66b5ce38da0",
    "data": [
      {
        "text": "My age is ",
        "userDefined": false
      },
      {
        "text": "23",
        "meta": "@for_age",
        "alias": "for_age",
        "userDefined": true
      }
    ],
    "isTemplate": false,
    "count": 0,
    "lang": "en",
    "updated": 0
  }
]