[
  {
    "id": "5e0ff109-8e09-41df-8c50-df319a990ddf",
    "data": [
      {
        "text": "ali",
        "userDefined": false
      },
      {
        "text": "@rediffmail.com",
        "meta": "@for_email",
        "alias": "for_email",
        "userDefined": true
      }
    ],
    "isTemplate": false,
    "count": 0,
    "lang": "en",
    "updated": 0
  },
  {
    "id": "2eae8b71-f6c4-4b66-a3a0-1a3ca0df9fc8",
    "data": [
      {
        "text": "gajdf",
        "userDefined": false
      },
      {
        "text": "@scit.edu",
        "meta": "@for_email",
        "alias": "for_email",
        "userDefined": true
      }
    ],
    "isTemplate": false,
    "count": 0,
    "lang": "en",
    "updated": 0
  },
  {
    "id": "bc7c5041-f248-453c-93d1-960005fb1756",
    "data": [
      {
        "text": "jhgkjsd23",
        "userDefined": false
      },
      {
        "text": "@hotmail.com",
        "meta": "@for_email",
        "alias": "for_email",
        "userDefined": true
      }
    ],
    "isTemplate": false,
    "count": 0,
    "lang": "en",
    "updated": 0
  },
  {
    "id": "265e13da-d85a-4299-8c6b-959481fa36c5",
    "data": [
      {
        "text": "abd",
        "userDefined": false
      },
      {
        "text": "@yahoo.com",
        "meta": "@for_email",
        "alias": "for_email",
        "userDefined": true
      }
    ],
    "isTemplate": false,
    "count": 0,
    "lang": "en",
    "updated": 0
  },
  {
    "id": "45bbedd9-9b4f-4d53-b8ed-390e265008f4",
    "data": [
      {
        "text": "abs",
        "userDefined": false
      },
      {
        "text": "@gmail.com",
        "meta": "@for_email",
        "alias": "for_email",
        "userDefined": true
      }
    ],
    "isTemplate": false,
    "count": 0,
    "lang": "en",
    "updated": 0
  }
]