[
  {
    "id": "0e6620a8-5995-4ebf-aba4-4cd1fcb29605",
    "data": [
      {
        "text": "I am looking for ",
        "userDefined": false
      },
      {
        "text": "family",
        "meta": "@Family_insurance",
        "alias": "Family_insurance",
        "userDefined": true
      }
    ],
    "isTemplate": false,
    "count": 0,
    "lang": "en",
    "updated": 0
  },
  {
    "id": "a586bd73-9b9c-48b4-981f-678e3cadade7",
    "data": [
      {
        "text": "Family",
        "meta": "@Family_insurance",
        "alias": "Family_insurance",
        "userDefined": true
      },
      {
        "text": " Insurance",
        "userDefined": false
      }
    ],
    "isTemplate": false,
    "count": 0,
    "lang": "en",
    "updated": 0
  },
  {
    "id": "0905e7e2-a628-4e1f-85e7-ab588d15c7b9",
    "data": [
      {
        "text": "I am looking for ",
        "userDefined": false
      },
      {
        "text": "family Insurance",
        "meta": "@Family_insurance",
        "alias": "Family_insurance",
        "userDefined": true
      }
    ],
    "isTemplate": false,
    "count": 0,
    "lang": "en",
    "updated": 0
  },
  {
    "id": "67d3c943-276e-47a9-840d-b5bed6712b4e",
    "data": [
      {
        "text": "I want for ",
        "userDefined": false
      },
      {
        "text": "family",
        "meta": "@Family_insurance",
        "alias": "Family_insurance",
        "userDefined": true
      }
    ],
    "isTemplate": false,
    "count": 0,
    "lang": "en",
    "updated": 0
  },
  {
    "id": "33004195-9a10-4b8b-bf44-fea32850c0fa",
    "data": [
      {
        "text": "I am taking for ",
        "userDefined": false
      },
      {
        "text": "family",
        "meta": "@Family_insurance",
        "alias": "Family_insurance",
        "userDefined": true
      }
    ],
    "isTemplate": false,
    "count": 0,
    "lang": "en",
    "updated": 0
  },
  {
    "id": "0cf788d8-c40d-4a8e-b6e4-09220c1b5252",
    "data": [
      {
        "text": "Family",
        "meta": "@Family_insurance",
        "alias": "Family_insurance",
        "userDefined": true
      }
    ],
    "isTemplate": false,
    "count": 0,
    "lang": "en",
    "updated": 0
  }
]