[
  {
    "id": "2b295bcd-910e-4702-abf9-2c43fbbd85b1",
    "data": [
      {
        "text": "papa",
        "meta": "@father_insurance",
        "alias": "father_insurance",
        "userDefined": false
      }
    ],
    "isTemplate": false,
    "count": 0,
    "lang": "en",
    "updated": 0
  },
  {
    "id": "2c573322-855c-4b3d-8db5-a80708801d7b",
    "data": [
      {
        "text": "Dad",
        "meta": "@father_insurance",
        "alias": "father_insurance",
        "userDefined": false
      }
    ],
    "isTemplate": false,
    "count": 0,
    "lang": "en",
    "updated": 0
  },
  {
    "id": "d4c0e5be-32c9-4bf6-9c9b-22b2e198c994",
    "data": [
      {
        "text": "Father",
        "meta": "@father_insurance",
        "alias": "father_insurance",
        "userDefined": false
      }
    ],
    "isTemplate": false,
    "count": 0,
    "lang": "en",
    "updated": 0
  }
]