[
  {
    "id": "fc8ba3fc-805e-4f67-bd35-91456b4f1321",
    "data": [
      {
        "text": "I am ",
        "userDefined": false
      },
      {
        "text": "Male",
        "meta": "@Gender",
        "alias": "gender",
        "userDefined": false
      }
    ],
    "isTemplate": false,
    "count": 0,
    "lang": "en",
    "updated": 0
  },
  {
    "id": "243bc065-04c6-4878-8085-38e67d1362a5",
    "data": [
      {
        "text": "Male",
        "meta": "@Gender",
        "alias": "gender",
        "userDefined": false
      }
    ],
    "isTemplate": false,
    "count": 0,
    "lang": "en",
    "updated": 0
  },
  {
    "id": "650a25dd-c791-4d47-83e7-76d80f4a5b9b",
    "data": [
      {
        "text": "M",
        "meta": "@Gender",
        "alias": "gender",
        "userDefined": false
      }
    ],
    "isTemplate": false,
    "count": 0,
    "lang": "en",
    "updated": 0
  },
  {
    "id": "68df8650-c595-4036-9d4b-4eb309ce2f60",
    "data": [
      {
        "text": "F",
        "meta": "@Gender",
        "alias": "gender",
        "userDefined": false
      }
    ],
    "isTemplate": false,
    "count": 0,
    "lang": "en",
    "updated": 0
  },
  {
    "id": "6d6a5d9d-2f3b-4be4-b073-e8fa7cd3f595",
    "data": [
      {
        "text": "My gender is ",
        "userDefined": false
      },
      {
        "text": "Female",
        "meta": "@Gender",
        "alias": "gender",
        "userDefined": false
      }
    ],
    "isTemplate": false,
    "count": 0,
    "lang": "en",
    "updated": 0
  },
  {
    "id": "565a1063-2858-4a48-9f6f-b1cad9759fe6",
    "data": [
      {
        "text": "My gender is ",
        "userDefined": false
      },
      {
        "text": "Male",
        "meta": "@Gender",
        "alias": "gender",
        "userDefined": false
      }
    ],
    "isTemplate": false,
    "count": 0,
    "lang": "en",
    "updated": 0
  }
]