[
  {
    "id": "5f0a54a7-b4d1-43fd-a9a4-b01dd67f811d",
    "data": [
      {
        "text": "Home Insurance",
        "meta": "@Home_insurance",
        "alias": "home_insurance",
        "userDefined": false
      }
    ],
    "isTemplate": false,
    "count": 0,
    "lang": "en",
    "updated": 0
  },
  {
    "id": "a507d700-64cc-4e0e-848a-f7cc5d52300e",
    "data": [
      {
        "text": "Home",
        "meta": "@Home_insurance",
        "alias": "home_insurance",
        "userDefined": true
      }
    ],
    "isTemplate": false,
    "count": 0,
    "lang": "en",
    "updated": 0
  },
  {
    "id": "46992659-ded5-4911-98a5-eb6ef0c09a3b",
    "data": [
      {
        "text": "home",
        "meta": "@Home_insurance",
        "alias": "home_insurance",
        "userDefined": false
      }
    ],
    "isTemplate": false,
    "count": 0,
    "lang": "en",
    "updated": 0
  },
  {
    "id": "3125069a-b3d5-4936-b444-ceaec6776a0a",
    "data": [
      {
        "text": "I am looking for ",
        "userDefined": false
      },
      {
        "text": "Home Insurance",
        "meta": "@Home_insurance",
        "alias": "home_insurance",
        "userDefined": false
      }
    ],
    "isTemplate": false,
    "count": 0,
    "lang": "en",
    "updated": 0
  }
]