[
  {
    "id": "f8b22481-09e7-42b3-9f65-95f6320292ef",
    "data": [
      {
        "text": "doughter",
        "meta": "@kids_insuranse",
        "alias": "kids_insuranse",
        "userDefined": false
      }
    ],
    "isTemplate": false,
    "count": 0,
    "lang": "en",
    "updated": 0
  },
  {
    "id": "b3d18d79-a9ba-464b-936e-45785c9e03f9",
    "data": [
      {
        "text": "son",
        "meta": "@kids_insuranse",
        "alias": "kids_insuranse",
        "userDefined": false
      }
    ],
    "isTemplate": false,
    "count": 0,
    "lang": "en",
    "updated": 0
  },
  {
    "id": "de2edbf9-831e-49db-8442-163cb10264fd",
    "data": [
      {
        "text": "Child",
        "meta": "@kids_insuranse",
        "alias": "kids_insuranse",
        "userDefined": false
      }
    ],
    "isTemplate": false,
    "count": 0,
    "lang": "en",
    "updated": 0
  },
  {
    "id": "80e449b6-2629-444e-81ad-962da11964e9",
    "data": [
      {
        "text": "Childre",
        "meta": "@kids_insuranse",
        "alias": "kids_insuranse",
        "userDefined": false
      }
    ],
    "isTemplate": false,
    "count": 0,
    "lang": "en",
    "updated": 0
  },
  {
    "id": "8b40a04d-8ed1-45de-bec2-3328d1ecaf8b",
    "data": [
      {
        "text": "Kids",
        "meta": "@kids_insuranse",
        "alias": "kids_insuranse",
        "userDefined": false
      }
    ],
    "isTemplate": false,
    "count": 0,
    "lang": "en",
    "updated": 0
  }
]