[
  {
    "id": "3edbe244-7597-4b4e-bda1-f0ce71330ce4",
    "data": [
      {
        "text": "mom",
        "meta": "@mother_insurance",
        "alias": "mother_insurance",
        "userDefined": false
      }
    ],
    "isTemplate": false,
    "count": 0,
    "lang": "en",
    "updated": 0
  },
  {
    "id": "d43fcc37-8a29-4bf6-87a3-48e7b2742609",
    "data": [
      {
        "text": "mumy",
        "meta": "@mother_insurance",
        "alias": "mother_insurance",
        "userDefined": false
      }
    ],
    "isTemplate": false,
    "count": 0,
    "lang": "en",
    "updated": 0
  },
  {
    "id": "81cd4990-2080-4633-ae7b-89768aafba94",
    "data": [
      {
        "text": "Mother",
        "meta": "@mother_insurance",
        "alias": "mother_insurance",
        "userDefined": false
      }
    ],
    "isTemplate": false,
    "count": 0,
    "lang": "en",
    "updated": 0
  }
]