[
  {
    "id": "db9e1be5-d9da-4adc-b6cb-3086adbd9e73",
    "data": [
      {
        "text": "Hi my ",
        "userDefined": false
      },
      {
        "text": "name",
        "userDefined": true
      },
      {
        "text": " is ",
        "userDefined": false
      },
      {
        "text": "Sam",
        "meta": "@sys.given-name",
        "alias": "given-name",
        "userDefined": true
      }
    ],
    "isTemplate": false,
    "count": 0,
    "lang": "en",
    "updated": 0
  },
  {
    "id": "44bd90a7-e0db-4b7c-a188-fa2773320a61",
    "data": [
      {
        "text": "Ojaswi",
        "meta": "@sys.given-name",
        "alias": "given-name",
        "userDefined": false
      }
    ],
    "isTemplate": false,
    "count": 0,
    "lang": "en",
    "updated": 0
  },
  {
    "id": "848b6478-714f-4ff7-af38-a9c3a069b17d",
    "data": [
      {
        "text": "Tanvi",
        "meta": "@sys.given-name",
        "alias": "given-name",
        "userDefined": false
      }
    ],
    "isTemplate": false,
    "count": 0,
    "lang": "en",
    "updated": 0
  },
  {
    "id": "17b3bf31-b6a6-489f-91e9-f07401e01391",
    "data": [
      {
        "text": "My name ",
        "userDefined": false
      },
      {
        "text": "Sam",
        "meta": "@sys.given-name",
        "alias": "given-name",
        "userDefined": false
      }
    ],
    "isTemplate": false,
    "count": 0,
    "lang": "en",
    "updated": 0
  },
  {
    "id": "fc51116d-ee60-47c7-9b3e-668e66f2c93c",
    "data": [
      {
        "text": "Alex",
        "meta": "@sys.given-name",
        "alias": "given-name",
        "userDefined": false
      }
    ],
    "isTemplate": false,
    "count": 0,
    "lang": "en",
    "updated": 0
  },
  {
    "id": "836e798a-90ce-4653-8e67-56b56cb80f90",
    "data": [
      {
        "text": "My ",
        "userDefined": false
      },
      {
        "text": "name",
        "userDefined": true
      },
      {
        "text": " is ",
        "userDefined": false
      },
      {
        "text": "Alex",
        "meta": "@sys.given-name",
        "alias": "given-name",
        "userDefined": true
      }
    ],
    "isTemplate": false,
    "count": 0,
    "lang": "en",
    "updated": 0
  }
]