[
  {
    "id": "07f8533a-b727-4854-b455-13236aac6f11",
    "data": [
      {
        "text": "you can reach out to me at ",
        "userDefined": false
      },
      {
        "text": "6754321987",
        "meta": "@sys.phone-number",
        "alias": "phone-number",
        "userDefined": false
      }
    ],
    "isTemplate": false,
    "count": 0,
    "lang": "en",
    "updated": 0
  },
  {
    "id": "0ed65769-821a-44c2-beb1-a6b12cef6c2d",
    "data": [
      {
        "text": "My contact number is ",
        "userDefined": false
      },
      {
        "text": "4321654987",
        "meta": "@sys.phone-number",
        "alias": "phone-number",
        "userDefined": false
      }
    ],
    "isTemplate": false,
    "count": 0,
    "lang": "en",
    "updated": 0
  },
  {
    "id": "dcca8bb5-e6fa-4c36-942a-1b330f843602",
    "data": [
      {
        "text": "My mobile number is ",
        "userDefined": false
      },
      {
        "text": "4378946513",
        "meta": "@sys.phone-number",
        "alias": "phone-number",
        "userDefined": false
      }
    ],
    "isTemplate": false,
    "count": 0,
    "lang": "en",
    "updated": 0
  },
  {
    "id": "100fe355-46c3-42bf-8575-7e3b218851b8",
    "data": [
      {
        "text": "5987654321",
        "meta": "@sys.phone-number",
        "alias": "phone-number",
        "userDefined": false
      }
    ],
    "isTemplate": false,
    "count": 0,
    "lang": "en",
    "updated": 0
  }
]