[
  {
    "id": "5ff2c573-cc1f-4324-a369-2d1e4c256952",
    "data": [
      {
        "text": "parents",
        "meta": "@parents_insurance",
        "alias": "parents_insurance",
        "userDefined": false
      }
    ],
    "isTemplate": false,
    "count": 0,
    "lang": "en",
    "updated": 0
  },
  {
    "id": "ff542652-e55a-4bad-a313-63d5490a15e6",
    "data": [
      {
        "text": "both parents",
        "meta": "@parents_insurance",
        "alias": "parents_insurance",
        "userDefined": false
      }
    ],
    "isTemplate": false,
    "count": 0,
    "lang": "en",
    "updated": 0
  },
  {
    "id": "dccd0d14-4b28-4fb2-bee2-793f342b0765",
    "data": [
      {
        "text": "mom and dad",
        "meta": "@parents_insurance",
        "alias": "parents_insurance",
        "userDefined": false
      }
    ],
    "isTemplate": false,
    "count": 0,
    "lang": "en",
    "updated": 0
  },
  {
    "id": "2f61b9c6-5299-4a01-b877-6ca5ee38ef45",
    "data": [
      {
        "text": "Father and Mother",
        "meta": "@parents_insurance",
        "alias": "parents_insurance",
        "userDefined": false
      }
    ],
    "isTemplate": false,
    "count": 0,
    "lang": "en",
    "updated": 0
  },
  {
    "id": "89fa1be3-4ae0-406c-9294-61231bb80950",
    "data": [
      {
        "text": "Only Parent",
        "meta": "@parents_insurance",
        "alias": "parents_insurance",
        "userDefined": false
      }
    ],
    "isTemplate": false,
    "count": 0,
    "lang": "en",
    "updated": 0
  }
]