[
  {
    "id": "b27b0a30-3c01-41c5-b906-20ad0876b868",
    "data": [
      {
        "text": "i am looking for ",
        "userDefined": false
      },
      {
        "text": "personal insurance",
        "meta": "@Self_Insurance",
        "alias": "Self_Insurance",
        "userDefined": true
      }
    ],
    "isTemplate": false,
    "count": 0,
    "lang": "en",
    "updated": 0
  },
  {
    "id": "6a4ac5d0-6532-4269-b7f3-1c926e4a40ed",
    "data": [
      {
        "text": "i am looking for ",
        "userDefined": false
      },
      {
        "text": "individual insurance",
        "meta": "@Self_Insurance",
        "alias": "Self_Insurance",
        "userDefined": true
      }
    ],
    "isTemplate": false,
    "count": 0,
    "lang": "en",
    "updated": 0
  },
  {
    "id": "69726f1d-29c4-42f5-8dcf-e0995266bd5a",
    "data": [
      {
        "text": "self insurance",
        "meta": "@Self_Insurance",
        "alias": "Self_Insurance",
        "userDefined": true
      }
    ],
    "isTemplate": false,
    "count": 0,
    "lang": "en",
    "updated": 0
  },
  {
    "id": "c2deca3b-6a54-4025-a9a1-440260dad7e2",
    "data": [
      {
        "text": "individual Insurance",
        "meta": "@Self_Insurance",
        "alias": "Self_Insurance",
        "userDefined": true
      }
    ],
    "isTemplate": false,
    "count": 0,
    "lang": "en",
    "updated": 0
  },
  {
    "id": "a6ddb077-3eda-46b9-91fd-cb6ce4ca99d8",
    "data": [
      {
        "text": "individual",
        "meta": "@Self_Insurance",
        "alias": "Self_Insurance",
        "userDefined": true
      }
    ],
    "isTemplate": false,
    "count": 0,
    "lang": "en",
    "updated": 0
  },
  {
    "id": "cefc132b-a8bc-4839-bdfb-2bb1bf743424",
    "data": [
      {
        "text": "personal",
        "meta": "@Self_Insurance",
        "alias": "Self_Insurance",
        "userDefined": true
      }
    ],
    "isTemplate": false,
    "count": 0,
    "lang": "en",
    "updated": 0
  },
  {
    "id": "f2b1acd4-d609-401e-930e-733b9e05156c",
    "data": [
      {
        "text": "me",
        "meta": "@Self_Insurance",
        "alias": "Self_Insurance",
        "userDefined": true
      }
    ],
    "isTemplate": false,
    "count": 0,
    "lang": "en",
    "updated": 0
  },
  {
    "id": "6d072980-c7f8-4c63-a762-84ec837ddc52",
    "data": [
      {
        "text": "I am looking for ",
        "userDefined": false
      },
      {
        "text": "myself",
        "meta": "@Self_Insurance",
        "alias": "Self_Insurance",
        "userDefined": true
      }
    ],
    "isTemplate": false,
    "count": 0,
    "lang": "en",
    "updated": 0
  },
  {
    "id": "32d544e8-32fd-4be4-9b34-d21bb61bef9a",
    "data": [
      {
        "text": "I want it for ",
        "userDefined": false
      },
      {
        "text": "myself",
        "meta": "@Self_Insurance",
        "alias": "Self_Insurance",
        "userDefined": true
      }
    ],
    "isTemplate": false,
    "count": 0,
    "lang": "en",
    "updated": 0
  },
  {
    "id": "3d8b4e36-9aed-4ce1-a15a-c2736f431e25",
    "data": [
      {
        "text": "Self",
        "meta": "@Self_Insurance",
        "alias": "Self_Insurance",
        "userDefined": true
      }
    ],
    "isTemplate": false,
    "count": 0,
    "lang": "en",
    "updated": 0
  }
]