[
  {
    "id": "cb01e179-d18b-48b8-af9d-bc9378a9a190",
    "data": [
      {
        "text": "husband and Kids",
        "meta": "@spouse_kids_insurance",
        "alias": "spouse_kids_insurance",
        "userDefined": false
      }
    ],
    "isTemplate": false,
    "count": 0,
    "lang": "en",
    "updated": 0
  },
  {
    "id": "069b1eb1-f24a-4d33-b16d-11fc7a7946c9",
    "data": [
      {
        "text": "wife and Kids",
        "meta": "@spouse_kids_insurance",
        "alias": "spouse_kids_insurance",
        "userDefined": false
      }
    ],
    "isTemplate": false,
    "count": 0,
    "lang": "en",
    "updated": 0
  },
  {
    "id": "a38f7b93-89cd-4622-8c1a-0d5a42bfb198",
    "data": [
      {
        "text": "Only for Spouse and Kids",
        "meta": "@spouse_kids_insurance",
        "alias": "spouse_kids_insurance",
        "userDefined": false
      }
    ],
    "isTemplate": false,
    "count": 0,
    "lang": "en",
    "updated": 0
  }
]