[
  {
    "id": "21a5f87d-3bbe-4eb8-a4b5-e7591d0e1615",
    "data": [
      {
        "text": "Husband",
        "meta": "@Spouse_insurance",
        "alias": "spouse_insurance",
        "userDefined": false
      }
    ],
    "isTemplate": false,
    "count": 0,
    "lang": "en",
    "updated": 0
  },
  {
    "id": "f493ae0b-0e72-463e-9749-e1d0b630641d",
    "data": [
      {
        "text": "Wife",
        "meta": "@Spouse_insurance",
        "alias": "spouse_insurance",
        "userDefined": false
      }
    ],
    "isTemplate": false,
    "count": 0,
    "lang": "en",
    "updated": 0
  },
  {
    "id": "c8aed064-574b-4a36-94c9-eb81bdf714cd",
    "data": [
      {
        "text": "Spouse",
        "meta": "@Spouse_insurance",
        "alias": "spouse_insurance",
        "userDefined": false
      }
    ],
    "isTemplate": false,
    "count": 0,
    "lang": "en",
    "updated": 0
  }
]