[
  {
    "id": "0a83341e-1d9b-4e76-ac74-0cfba5983599",
    "data": [
      {
        "text": "After 5:00 PM",
        "meta": "@Calling_time",
        "alias": "Calling_time",
        "userDefined": true
      }
    ],
    "isTemplate": false,
    "count": 0,
    "lang": "en",
    "updated": 0
  },
  {
    "id": "3813b3be-6ef9-441b-92ed-c0400b712099",
    "data": [
      {
        "text": "Afternoon 12:30 PM - 5:00 PM",
        "meta": "@Calling_time",
        "alias": "Calling_time",
        "userDefined": true
      }
    ],
    "isTemplate": false,
    "count": 0,
    "lang": "en",
    "updated": 0
  },
  {
    "id": "faacfa60-e906-430e-b211-ebe49c4fdd79",
    "data": [
      {
        "text": "Morning 9:00 AM- 12:00 PM",
        "meta": "@Calling_time",
        "alias": "Calling_time",
        "userDefined": false
      }
    ],
    "isTemplate": false,
    "count": 0,
    "lang": "en",
    "updated": 0
  }
]