[
  {
    "id": "43baeca4-8f5f-4347-90f3-5a5a63d57295",
    "data": [
      {
        "text": "y",
        "meta": "@Health_Insurance",
        "alias": "Health_Insurance",
        "userDefined": true
      }
    ],
    "isTemplate": false,
    "count": 0,
    "lang": "en",
    "updated": 0
  },
  {
    "id": "d7a5f993-c413-4240-9032-8b05724910de",
    "data": [
      {
        "text": "Yes",
        "meta": "@Health_Insurance",
        "alias": "Health_Insurance",
        "userDefined": true
      }
    ],
    "isTemplate": false,
    "count": 0,
    "lang": "en",
    "updated": 0
  }
]